Kuramon,Glare Eye,1
Pabumon,Adhesive Bubble Blow,1
Punimon,Bubble Blow,1
Botamon,Bubble Blow,1
Poyomon,Super Bubble Blow,1
Arcadiamon In-Tr.,Data Drain,1
Arcadiamon In-Tr.,Physical Drain,5
Koromon,Bubbles,1
Koromon,Wolkenapalm I,5
Tanemon,Adhesive Bubble Blow,1
Tanemon,Gaia Element I,5
Tsunomon,Bubbles,1
Tsunomon,Comet Hammer I,5
Tsumemon,Nail Scratch,1
Tsumemon,Destruction Cannon I,5
Tokomon,Bite,1
Tokomon,Heavy Strike I,5
Nyaromon,Fox Tail,1
Nyaromon,Saint Knuckle I,5
Pagumon,Poison Bubbles,1
Pagumon,Nightmare I,5
Yokomon,Soap Flower,1
Yokomon,Crescent Leaf I,5
Bukamon,Air Bubbles,1
Bukamon,Hydro Water I,5
Motimon,Elastic Bubbles,1
Motimon,Power Energy I,5
Wanyamon,Smile Fang,1
Wanyamon,Wind Claw I,5
Agumon,Pepper Breath,1
Agumon,Heavy Strike I,6
Agumon,Attack Charge,12
Agumon (Blk),Spitfire Blast,1
Agumon (Blk),Wolkenapalm I,6
Agumon (Blk),Guard Charge,12
Arcadiamon Rookie,Soul Absorption,1
Arcadiamon Rookie,Acceleration Boost,6
Arcadiamon Rookie,Destruction Cannon I,12
Armadillomon,Diamond Shell,1
Armadillomon,Grand Rock I,6
Armadillomon,Shock,12
Impmon,Summon,1
Impmon,Nightmare I,6
Impmon,Idle Bubble,12
Elecmon,Thunder Cloud,1
Elecmon,Heaven's Thunder I,6
Elecmon,Ripping Net,12
Otamamon,Lullaby Bubble,1
Otamamon,Hydro Water I,6
Otamamon,Anti-Sleep,12
Gaomon,Double Backhand,1
Gaomon,Anti-Stun,6
Gaomon,Agility Charge,12
Gazimon,Electric Stun Blast,1
Gazimon,Destruction Cannon I,6
Gazimon,Panic Wisp,12
Gabumon,Blue Blaster,1
Gabumon,Burst Flame I,6
Gabumon,Anti-Stun,12
Gabumon (Blk),Little Horn,1
Gabumon (Blk),Grand Rock I,6
Gabumon (Blk),Anti-Panic,12
Guilmon,Rock Breaker,1
Guilmon,Wolkenapalm I,6
Guilmon,Attack Charge,12
Kudamon,Blinding Ray,1
Kudamon,Saint Knuckle I,6
Kudamon,Holy Light I,12
Keramon,Crazy Giggle,1
Keramon,Destruction Cannon I,6
Keramon,Guard Break,12
Gotsumon,Rock Fist,1
Gotsumon,Guard Charge,6
Gotsumon,Comet Hammer I,12
Goblimon,Goblin Strike,1
Goblimon,Comet Hammer I,6
Goblimon,Shock,12
Gomamon,Marching Fishes,1
Gomamon,Idle Bubble,6
Gomamon,Anti-Panic,12
Syakomon,Ice Archery I,6
Syakomon,Anti-Sleep,12
Zubamon,Twenty Dive,1
Zubamon,Heavy Strike I,6
Zubamon,Attack Charge,12
Solarmon,Shiny Ring,1
Solarmon,Holy Light I,6
Solarmon,Shining Laser I,12
Chuumon,Cheese Bomb,1
Chuumon,Heavy Strike I,6
Chuumon,Escape Dash,12
Terriermon,Terrier Tornado,1
Terriermon,Heal,6
Terriermon,Speed Charge,12
Tentomon,Super Shocker,1
Tentomon,Nanomachine Break I,6
Tentomon,Ripping Net,12
ToyAgumon,Plastic Blaze,1
ToyAgumon,Power Energy I,6
ToyAgumon,Burst Flame I,12
Dracmon,Destruction Cannon I,6
Dracmon,Destruction,12
Dracomon,Baby Breath,1
Dracomon,Wolkenapalm I,6
Dracomon,Heavy Strike I,12
Dorumon,Metal Cannon,1
Dorumon,Wolkenapalm I,6
Dorumon,Critical Charge,12
Hagurumon,Cog Crusher,1
Hagurumon,Nanomachine Break I,6
Hagurumon,Heaven's Thunder I,12
Patamon,Air Shot,1
Patamon,Sonic Void I,6
Patamon,Mental Charge,12
Hackmon,Fifth Rush,1
Hackmon,Heal,6
Hackmon,Wolkenapalm III,12
Palmon,Poison Ivy,1
Palmon,Crescent Leaf I,6
Palmon,Anti-Poison,12
DemiDevimon,Demi Darts,1
DemiDevimon,Panic Wisp,6
DemiDevimon,Attack Break,12
Biyomon,Spiral Twister,1
Biyomon,Sonic Void I,6
Biyomon,Mental Charge,12
Falcomon,Ninja Blade,1
Falcomon,Speed Charge,6
Falcomon,Anti-Paralysis,12
FanBeemon,Gear Stringer,1
FanBeemon,Nanomachine Break I,6
FanBeemon,Chain Plus,12
Veemon,Veemon Headbutt,1
Veemon,Heavy Strike I,6
Veemon,Wind Claw I,12
Salamon,Puppy Howl,1
Salamon,Holy Light I,6
Salamon,Heal,12
Betamon,Electric Shock,1
Betamon,Ice Archery I,6
Betamon,Anti-Paralysis,12
Hawkmon,Feather Slash,1
Hawkmon,Wind Claw I,6
Hawkmon,Sonic Void I,12
Mushroomon,Fungus Crusher,1
Mushroomon,Venom Trap,6
Mushroomon,Crescent Leaf I,12
Monodramon,Knuckle Beater,1
Monodramon,Heavy Strike I,6
Monodramon,Attack Charge,12
Lalamon,Seed Blast,1
Lalamon,Venom Trap,6
Lalamon,Anti-Poison,12
Lucemon,Grand Cross,1
Lucemon,Revive,15
Lucemon,Holy Light III,25
Lucemon,Shining Laser II,35
Lucemon,X-Aura,45
Lunamon,Tearing Shot,1
Lunamon,Heal,6
Lunamon,Idle Bubble,12
Renamon,Diamond Storm,1
Renamon,Gaia Element I,6
Renamon,Anti-Panic,12
Lopmon,Blazing Ice,1
Lopmon,Grand Rock I,6
Lopmon,Mental Break,12
Wormmon,Sticky Net,1
Wormmon,Venom Trap,6
IceDevimon,Frozen Claw,1
IceDevimon,Ice Archery II,10
IceDevimon,Spirit Drain,18
IceDevimon,Hell Crusher I,25
Icemon,Iceball Bomb,1
Icemon,Ice Archery II,10
Icemon,Comet Hammer II,18
Icemon,Ocean Wave I,25
Aquilamon,Glide Horn,1
Aquilamon,Wind Claw II,10
Aquilamon,Sonic Void II,18
Aquilamon,Gale Storm I,25
Agunimon,Pyro Punch,1
Agunimon,Wolkenapalm III,10
Agunimon,Meteor Fall I,18
Agunimon,Acceleration Boost,25
Arcadiamon Champion,Prison Fist,1
Arcadiamon Champion,Destruction Cannon II,10
Arcadiamon Champion,Heavy Strike II,18
Arcadiamon Champion,Cross-Counter,25
Ankylomon,Tail Hammer,1
Ankylomon,Grand Rock II,10
Ankylomon,Anti-Stun,18
Ankylomon,Awesome Quake I,25
Ikkakumon,Harpoon Torpedo,1
Ikkakumon,Ice Archery II,10
Ikkakumon,Ocean Wave I,18
Ikkakumon,Heal,25
Wizardmon,Thunder Cloud,1
Wizardmon,Nightmare II,10
Wizardmon,Hell Crusher I,18
Wizardmon,Sonic Void II,25
Lobomon,Zwei Sieger,1
Lobomon,Speed Charge,10
Lobomon,Saint Knuckle II,18
Lobomon,Heavy Strike II,25
Woodmon,Branch Drain,1
Woodmon,Gaia Element II,10
Woodmon,Crescent Leaf II,18
Woodmon,Power Energy II,25
Airdramon,Spinning Needle,1
Airdramon,Sonic Void II,10
Airdramon,Gale Storm I,18
Airdramon,Wolkenapalm II,25
ExVeemon,Vee Laser,1
ExVeemon,Heavy Strike II,10
ExVeemon,Mach Rush I,18
ExVeemon,Holy Light II,25
Angemon,Heaven's Knuckle,1
Angemon,Holy Light II,10
Angemon,X-Heal,18
Angemon,Shining Laser I,25
Ogremon,Pummel Whack,1
Ogremon,Critical Charge,18
Ogremon,Destruction Cannon II,25
Guardromon,D-Grenade,1
Guardromon,Nanomachine Break II,10
Guardromon,Guard Charge,18
Guardromon,Heaven's Thunder II,25
Guardromon (Gold),D-Grenade,1
Guardromon (Gold),Heaven's Thunder II,10
Guardromon (Gold),Mental Charge,18
Guardromon (Gold),Thunder Fall I,25
GaoGamon,Spiral Blow,1
GaoGamon,Sonic Void II,10
GaoGamon,Gale Storm I,18
GaoGamon,Ice Archery II,25
Kabuterimon,Electro Shocker,1
Kabuterimon,Crescent Leaf II,10
Kabuterimon,Mental Charge,18
Kabuterimon,Heaven's Thunder II,25
ShellNumemon,Mature Poop,1
ShellNumemon,Idle Bubble,10
ShellNumemon,Guard Break,18
ShellNumemon,Guard Charge,25
Gargomon,Dumdum Uppercut,1
Gargomon,Ripping Net,10
Gargomon,Thunder Fall I,18
Gargomon,Mach Rush I,25
Garurumon,Fox Fire,1
Garurumon,Speed Charge,10
Garurumon,Grand Rock II,18
Garurumon,Escape Dash,25
Garurumon (Blk),Freeze Fang,1
Garurumon (Blk),Speed Charge,10
Garurumon (Blk),Grand Rock II,18
Garurumon (Blk),Agility Charge,25
Kyubimon,Will-o'-Wisp,1
Kyubimon,Burst Flame II,10
Kyubimon,Panic Wisp,18
Kyubimon,Mental Charge,25
Growlmon,Exhaust Flame,1
Growlmon,Wolkenapalm II,10
Growlmon,Comet Hammer II,18
Growlmon,Chain Plus,25
Kurisarimon,Data Crusher,1
Kurisarimon,Destruction Cannon II,10
Kurisarimon,Nanomachine Break II,18
Kurisarimon,Guard Break,25
Greymon,Mega Flame,1
Greymon,Wolkenapalm II,10
Greymon,Heavy Strike II,18
Greymon,Acceleration Boost,25
Greymon (Blue),Bit Fire,1
Greymon (Blue),Wolkenapalm II,10
Greymon (Blue),Meteor Fall I,18
Greymon (Blue),Hit Charge,25
Clockmon,Heaven's Thunder II,10
Clockmon,Heal,18
Clockmon,Idle Bubble,25
Kuwagamon,Scissor Claw,1
Kuwagamon,Crescent Leaf II,10
Kuwagamon,Destruction Cannon II,18
Kuwagamon,Gale Storm I,25
Gekomon,Hydro Water II,10
Gekomon,Attack Break,18
Gekomon,Anti-Sleep,25
Geremon,Hyper Smell,1
Geremon,Venom Trap,10
Geremon,Guard Charge,18
Geremon,Nanomachine Break II,25
Coredramon (Blue),Blue Flare Breath,1
Coredramon (Blue),Attack Charge,10
Coredramon (Blue),Wind Claw II,18
Coredramon (Blue),Gale Storm I,25
Coredramon (Green),Green Flare Breath,1
Coredramon (Green),Comet Hammer II,10
Coredramon (Green),Shock,18
Coredramon (Green),Critical Charge,25
GoldNumemon,Golden Rush,1
GoldNumemon,Antidote,10
GoldNumemon,Revive,18
GoldNumemon,Texture Blow,25
Golemon,Crimson Curse,1
Golemon,Awesome Quake I,10
Golemon,Comet Hammer II,18
Golemon,Meteor Fall I,25
Cyclonemon,Hyper Heat,1
Cyclonemon,Critical Charge,10
Cyclonemon,Awesome Quake I,18
Cyclonemon,Cross-Counter,25
Sangloupmon,Sticker Blade,1
Sangloupmon,Destruction Cannon II,10
Sangloupmon,Nightmare II,18
Sangloupmon,Physical Drain,25
Sunflowmon,Sunshine Beam,1
Sunflowmon,Gaia Element II,10
Sunflowmon,Holy Light II,18
Sunflowmon,X-Heal,25
Seadramon,Ice Blast,1
Seadramon,Hydro Water II,10
Seadramon,Anti-Panic,18
Seadramon,Mirror Reflection,25
Coelamon,Fossil Bite,1
Coelamon,Ice Archery II,10
Coelamon,Chain Minus,18
Coelamon,Heavy Strike II,25
GeoGreymon,Mega Burst,1
GeoGreymon,Wolkenapalm II,10
GeoGreymon,Heavy Strike II,18
GeoGreymon,Cross-Counter,25
Sukamon,Poop,1
Sukamon,Panic Wisp,10
Sukamon,Mental Break,18
Sukamon,Nightmare II,25
Starmon,Meteor Shower,1
Starmon,Heavy Strike II,10
Starmon,Saint Knuckle II,18
Starmon,Power Energy II,25
Stingmon,Spiking Strike,1
Stingmon,Crescent Leaf II,10
Stingmon,Gale Storm I,18
Stingmon,Wind Claw II,25
Strikedramon,Fang Strike,1
Strikedramon,Meteor Fall I,10
Strikedramon,Guard Break,18
Strikedramon,Mach Rush II,25
Zubaeagermon,Vantheon,1
Zubaeagermon,Mach Rush I,10
Zubaeagermon,Heavy Strike II,18
Zubaeagermon,Critical Charge,25
Socerimon,Crystal Cloud,1
Socerimon,Hydro Water II,10
Socerimon,Mirror Reflection,18
Socerimon,X-Heal,25
Tankmon,Hyper Cannon,1
Tankmon,Nanomachine Break II,10
Tankmon,Hit Charge,18
Tankmon,Shock,25
MudFrigimon,Great Weight,1
MudFrigimon,Comet Hammer II,10
MudFrigimon,Aura,18
MudFrigimon,Awesome Quake I,25
Tyrannomon,Fire Breath,1
Tyrannomon,Acceleration Boost,10
Tyrannomon,Wolkenapalm II,18
Tyrannomon,Heavy Strike II,25
Gatomon,Holy Light II,10
Gatomon,Aura,18
Gatomon,Revive,25
Devimon,Death Claw,1
Devimon,Destruction Cannon II,10
Devimon,Physical Drain,18
Devimon,Hell Crusher I,25
Turuiemon,Ninja Claw,1
Turuiemon,Comet Hammer II,10
Turuiemon,Critical Charge,18
Turuiemon,Mach Rush I,25
Togemon,Needle Spray,1
Togemon,Crescent Leaf II,10
Togemon,Anti-Paralysis,18
Togemon,Ripping Net,25
Dorugamon,Power Metal,1
Dorugamon,Comet Hammer II,10
Dorugamon,Guard Charge,18
Dorugamon,Speed Charge,25
Nanimon,Poop Dunk,1
Nanimon,Comet Hammer II,10
Nanimon,Attack Break,18
Nanimon,Shock,25
Numemon,Poop Toss,1
Numemon,Venom Trap,10
Numemon,Ice Archery II,25
Birdramon,Meteor Wing,1
Birdramon,Burst Flame II,10
Birdramon,Anti-Poison,18
Birdramon,Meteor Fall I,25
BaoHuckmon,Fif Cross,1
BaoHuckmon,Attack Charge,10
BaoHuckmon,Heavy Strike II,18
BaoHuckmon,Meteor Fall II,25
Bakemon,Death Charm,1
Bakemon,Nightmare II,10
Bakemon,Agility Charge,18
Bakemon,Physical Drain,25
Veedramon,V-Nova Blast,1
Veedramon,Wind Claw II,10
Veedramon,Chain Plus,18
Veedramon,Saint Knuckle II,25
Hudiemon,Infinity Dream,1
Hudiemon,Flying Kick,1
Hudiemon,Gaia Element II,10
Hudiemon,Rune Forest I,18
Hudiemon,Aura,25
PlatinumSukamon,Rare Metal Poop,1
PlatinumSukamon,Anti-Bug,10
PlatinumSukamon,Mental Break,18
PlatinumSukamon,Character Reversal,25
BlackGatomon,Nightmare II,10
BlackGatomon,Grand Rock II,18
BlackGatomon,Power Energy II,25
Vegiemon,Super Stinky Jet,1
Vegiemon,Gaia Element II,10
Vegiemon,Venom Trap,25
Peckmon,Kunai Wing,1
Peckmon,Wind Claw II,10
Peckmon,Agility Charge,18
Peckmon,Escape Dash,25
Meramon,Burning Fist,1
Meramon,Attack Charge,10
Meramon,Wolkenapalm II,18
Meramon,Burst Flame II,25
Monochromon,Volcanic Strike,1
Monochromon,Comet Hammer II,10
Monochromon,Acceleration Boost,18
Monochromon,Awesome Quake I,25
Frigimon,Sub-zero Ice Punch,1
Frigimon,Ice Archery II,10
Frigimon,Ocean Wave I,18
Frigimon,Aura,25
Unimon,Holy Shot,1
Unimon,Sonic Void II,10
Unimon,Speed Charge,18
Unimon,Holy Light II,25
Raptordramon,Ambush Crunch,1
Raptordramon,Heavy Strike II,10
Raptordramon,Comet Hammer II,18
Raptordramon,Shock,25
Raremon,Sludge,1
Raremon,Venom Trap,10
Raremon,Mach Rush I,18
Raremon,Character Reversal,25
Leomon,Fist of the Beast King,1
Leomon,Comet Hammer II,10
Leomon,Attack Charge,18
Leomon,Saint Knuckle II,25
Lekismon,Moon Night Bomb,1
Lekismon,Ice Archery II,10
Lekismon,Power Energy II,18
Lekismon,Cross-Counter,25
Reppamon,Razor Wind,1
Reppamon,Saint Knuckle II,10
Reppamon,Shining Laser I,18
Reppamon,Aura,25
Waspmon,Turbo Stinger,1
Waspmon,Nanomachine Break II,10
Waspmon,Hit Charge,18
Waspmon,Ripping Net,25
MegaKabuterimon,Horn Buster,1
MegaKabuterimon,Rune Forest I,15
MegaKabuterimon,Gaia Element III,35
MegaKabuterimon,Rune Forest II,45
Arcadiamon Ultimate,Dot Matrix,1
Arcadiamon Ultimate,Attack Break,25
Arcadiamon Ultimate,Wind Claw II,35
Arcadiamon Ultimate,Saint Knuckle II,45
Antylamon,Bunny Blades,1
Antylamon,Mach Rush I,15
Antylamon,Anti-Paralysis,25
Antylamon,Mach Rush II,35
Antylamon,Power Energy III,45
Andromon,Chain Plus,15
Andromon,Aura,25
Andromon,Nanomachine Break III,35
Andromon,Sonic Void III,45
Meteormon,Galactic Flare,1
Meteormon,Awesome Quake I,15
Meteormon,Meteor Fall I,25
Meteormon,Grand Rock III,35
Meteormon,Power Energy III,45
Infermon,Spider Shooter,1
Infermon,Destruction Cannon II,15
Infermon,Destruction,25
Infermon,Mach Rush II,35
Infermon,Destruction Cannon III,45
Myotismon,Night Raid,1
Myotismon,Hell Crusher I,15
Myotismon,Spirit Drain,25
Myotismon,Nightmare III,35
Myotismon,Destruction Cannon III,45
Wingdramon,Mach Rush II,25
Wingdramon,Wind Claw II,35
Wingdramon,Gale Storm II,45
BurningGreymon,Corona Blaster,1
BurningGreymon,Acceleration Boost,15
BurningGreymon,Wolkenapalm III,25
BurningGreymon,Awesome Quake II,35
BurningGreymon,Meteor Fall II,45
AeroVeedramon,Dragon Impulse,1
AeroVeedramon,Chain Plus,15
AeroVeedramon,Speed Charge,25
AeroVeedramon,Wind Claw III,35
AeroVeedramon,Saint Knuckle III,45
Etemon,Love Serenade,1
Etemon,Hell Crusher I,15
Etemon,Escape Dash,25
Etemon,Mirror Reflection,35
Etemon,Nightmare III,45
Angewomon,Celestial Arrow,1
Angewomon,Shining Laser I,15
Angewomon,Aura,25
Angewomon,Revive,35
Angewomon,Holy Light III,45
Okuwamon,Double Scissor Claw,1
Okuwamon,Thunder Fall I,15
Okuwamon,Venom Trap,25
Okuwamon,Hit Charge,35
Okuwamon,Crescent Leaf III,45
Garudamon,Shadow Wing,1
Garudamon,Meteor Fall I,15
Garudamon,Gale Storm I,25
Garudamon,Burst Flame III,35
Garudamon,Mirror Reflection,45
KendoGarurumon,Speed Star,1
KendoGarurumon,Wind Claw II,15
KendoGarurumon,Gale Storm I,25
KendoGarurumon,Saint Knuckle III,35
KendoGarurumon,Speed Charge Field,45
Gigadramon,Genocidal Gears,1
Gigadramon,Shock,15
Gigadramon,Wolkenapalm II,25
Gigadramon,Wind Claw III,35
Gigadramon,Heaven's Thunder III,45
CatchMamemon,Miracle Bomb,1
CatchMamemon,Shock,15
CatchMamemon,Meteor Fall I,25
CatchMamemon,Ripping Net,35
CatchMamemon,Nanomachine Break III,45
CannonBeemon,Nitro Stinger,1
CannonBeemon,Thunder Fall I,15
CannonBeemon,Meteor Fall I,25
CannonBeemon,Nanomachine Break III,35
CannonBeemon,Panic Wisp,45
Groundramon,Scrapless Claw,1
Groundramon,Awesome Quake I,15
Groundramon,Cross-Counter,25
Groundramon,Comet Hammer III,35
Groundramon,Awesome Quake II,45
GrapLeomon,The King of Fists,1
GrapLeomon,Thunder Fall I,15
GrapLeomon,Agility Charge,25
GrapLeomon,Nanomachine Break III,35
GrapLeomon,Cross-Counter,45
Grademon,Cross Blade,1
Grademon,Anti-Bug,15
Grademon,Saint Knuckle III,25
Grademon,Shining Laser I,35
Grademon,Heavy Strike III,45
Crescemon,Lunatic Dance,1
Crescemon,Ocean Wave I,15
Crescemon,Hydro Water II,25
Crescemon,Shining Laser I,35
Crescemon,Ice Archery III,45
Cyberdramon,Desolation Claw,1
Cyberdramon,Venom Trap,15
Cyberdramon,Attack Break,25
Cyberdramon,Comet Hammer III,35
Cyberdramon,Destruction Cannon III,45
Shakkoumon,Disaster Blaster,1
Shakkoumon,Shining Laser I,15
Shakkoumon,Dispel,25
Shakkoumon,Holy Light III,35
Shakkoumon,Grand Rock III,45
Cherrymon,Cherry Bomb,1
Cherrymon,Rune Forest I,15
Cherrymon,Physical Drain,25
Cherrymon,Rune Forest II,35
Cherrymon,Crescent Leaf III,45
Silphymon,Top Gun,1
Silphymon,Gale Storm I,15
Silphymon,Critical Charge,25
Silphymon,Sonic Void III,35
Silphymon,Wind Claw III,45
SuperStarmon,Superstar Uppercut,1
SuperStarmon,Shining Laser I,15
SuperStarmon,Anti-Sleep,25
SuperStarmon,Mach Rush I,35
SuperStarmon,Saint Knuckle III,45
SkullGreymon,Oblivion Bird,1
SkullGreymon,Acceleration Boost,15
SkullGreymon,Destruction,25
SkullGreymon,Destruction Cannon III,35
SkullGreymon,Comet Hammer III,45
SkullSatamon,Nail Bone,1
SkullSatamon,Character Reversal,15
SkullSatamon,Hell Crusher I,25
SkullSatamon,Destruction Cannon III,35
SkullSatamon,Nightmare III,45
Zudomon,Vulcan's Hammer,1
Zudomon,Gale Storm I,15
Zudomon,Guard Break,25
Zudomon,Ice Archery III,35
Zudomon,Ocean Wave II,45
SaviorHuckmon,Trident Saber,1
SaviorHuckmon,Meteor Fall I,15
SaviorHuckmon,Support End,25
SaviorHuckmon,Saint Knuckle III,35
SaviorHuckmon,Revive,45
Taomon,Talisman of Light,1
Taomon,Hell Crusher I,15
Taomon,Mental Charge,25
Taomon,Nightmare III,35
Taomon,Hell Crusher II,45
Dragomon,Forbidden Trident,1
Dragomon,Panic Wisp,15
Dragomon,Ocean Wave II,25
Dragomon,Hydro Water II,35
Dragomon,Hell Crusher II,45
Chirinmon,Wind Cutter Sword,1
Chirinmon,Shining Laser I,15
Chirinmon,Anti-Poison,25
Chirinmon,Revive,35
Chirinmon,Holy Light III,45
Dinobeemon,Hell Masquerade,1
Dinobeemon,Crescent Leaf II,15
Dinobeemon,Thunder Fall I,25
Dinobeemon,Wind Claw III,35
Dinobeemon,Cross-Counter,45
Digitamamon,Nightmare Syndrome,1
Digitamamon,Mach Rush I,15
Digitamamon,Rune Forest I,25
Digitamamon,Destruction,35
Digitamamon,Heavy Strike III,45
SkullMeramon,Heavy Metal Fire,1
SkullMeramon,Physical Drain,25
SkullMeramon,Comet Hammer III,35
SkullMeramon,Wolkenapalm III,45
Duramon,Blinded,1
Duramon,Agility Charge,15
Duramon,Saint Knuckle II,25
Duramon,Heavy Strike III,35
Duramon,Mach Rush II,45
ShogunGekomon,Musical Fist,1
ShogunGekomon,Ocean Wave I,15
ShogunGekomon,Idle Bubble,25
ShogunGekomon,Ocean Wave II,35
ShogunGekomon,Ice Archery III,45
Triceramon,Awesome Quake I,15
Triceramon,Hit Charge,25
Triceramon,Wolkenapalm II,35
Triceramon,Comet Hammer III,45
DoruGreymon,Metal Meteor,1
DoruGreymon,Awesome Quake I,15
DoruGreymon,Attack Break,25
DoruGreymon,Wolkenapalm III,35
DoruGreymon,Cross-Counter,45
Knightmon,Berserk Sword,1
Knightmon,Mach Rush I,15
Knightmon,Anti-Panic,25
Knightmon,Heavy Strike III,35
Knightmon,Mach Rush II,45
Datamon,Digital Bomb,1
Datamon,Ripping Net,15
Datamon,Physical Drain,25
Datamon,Heaven's Thunder III,35
Datamon,Power Energy III,45
Paildramon,Death Parade Blaster,1
Paildramon,Mach Rush I,15
Paildramon,Thunder Fall I,25
Paildramon,Heavy Strike III,35
Paildramon,Cross-Counter,45
Panjyamon,Ocean Wave I,15
Panjyamon,Agility Charge,25
Panjyamon,Hydro Water III,35
Panjyamon,Ice Archery III,45
Pandamon,Animal Nail,1
Pandamon,Mach Rush I,15
Pandamon,Heal,25
Pandamon,Heavy Strike III,35
Pandamon,Comet Hammer III,45
Pumpkinmon,Trick or Treat,1
Pumpkinmon,Awesome Quake I,15
Pumpkinmon,Meteor Fall I,25
Pumpkinmon,Comet Hammer III,35
Pumpkinmon,Texture Blow,45
Piximon,Pit Bomb,1
Piximon,Shining Laser I,15
Piximon,Ocean Wave I,25
Piximon,Holy Light III,35
Piximon,X-Heal,45
HippoGryphonmon,Heat Wave,1
HippoGryphonmon,Sonic Void II,15
HippoGryphonmon,Shining Laser I,25
HippoGryphonmon,Speed Charge,35
HippoGryphonmon,Sonic Void III,45
Phantomon,Soul Chopper,1
Phantomon,Hell Crusher I,15
Phantomon,Destruction,25
Phantomon,Nightmare III,35
Phantomon,Hell Crusher II,45
BlackKingNumemon,Dark Pupil,1
BlackKingNumemon,Antidote,15
BlackKingNumemon,Texture Blow,25
BlackKingNumemon,Chain Minus,35
BlackKingNumemon,Nightmare III,45
BlueMeramon,Cold Flame,1
BlueMeramon,Meteor Fall I,15
BlueMeramon,Mental Break,25
BlueMeramon,Burst Flame III,35
BlueMeramon,Wolkenapalm III,45
Vademon,Unidentified Flying Kiss,1
Vademon,Venom Trap,15
Vademon,Hell Crusher I,25
Vademon,Character Reversal,35
Vademon,Nightmare III,45
Whamon,Tidal Wave,1
Whamon,Ocean Wave I,15
Whamon,X-Heal,25
Whamon,Hydro Water III,35
Whamon,Ice Archery III,45
MagnaAngemon,Heaven's Gate,1
MagnaAngemon,Shining Laser I,15
MagnaAngemon,X-Heal,25
MagnaAngemon,Holy Light III,35
MagnaAngemon,Revive,45
Volcanomon,Big Bang Voice,1
Volcanomon,Chain Plus,15
Volcanomon,Mach Rush I,25
Volcanomon,Awesome Quake I,35
Volcanomon,Wolkenapalm III,45
Matadormon,Earth-Shattering Stomp,1
Matadormon,Hell Crusher I,15
Matadormon,Cross-Counter,25
Matadormon,Mach Rush II,35
Matadormon,Destruction Cannon III,45
MachGaogamon,Winning Knuckle,1
MachGaogamon,Thunder Fall I,15
MachGaogamon,Anti-Stun,25
MachGaogamon,Wind Claw III,35
MachGaogamon,Gale Storm II,45
Mamemon,Smile Bomber,1
Mamemon,Awesome Quake I,15
Mamemon,Escape Dash,25
Mamemon,Comet Hammer III,35
Mamemon,Awesome Quake II,45
MegaSeadramon,Lightning Javelin,1
MegaSeadramon,Idle Bubble,15
MegaSeadramon,Mental Break,25
MegaSeadramon,Hydro Water III,35
MegaSeadramon,Heaven's Thunder III,45
Megadramon,Genocide Attack,1
Megadramon,Panic Wisp,15
Megadramon,Wolkenapalm II,25
Megadramon,Gale Storm II,35
Megadramon,Wind Claw III,45
WarGrowlmon,Atomic Blaster,1
WarGrowlmon,Chain Plus,15
WarGrowlmon,Guard Break,25
WarGrowlmon,Wolkenapalm III,35
WarGrowlmon,Saint Knuckle III,45
MetalGreymon,Giga Destroyer,1
MetalGreymon,Mach Rush I,15
MetalGreymon,Attack Charge,25
MetalGreymon,Meteor Fall I,35
MetalGreymon,Wolkenapalm III,45
MetalGreymon (Blue),Revenge Flame,1
MetalGreymon (Blue),Awesome Quake I,15
MetalGreymon (Blue),Critical Charge,25
MetalGreymon (Blue),Meteor Fall II,35
MetalGreymon (Blue),Wolkenapalm III,45
MetalTyrannomon,Nuclear Laser,1
MetalTyrannomon,Ripping Net,15
MetalTyrannomon,Guard Charge,25
MetalTyrannomon,Burst Flame III,35
MetalTyrannomon,Nanomachine Break III,45
MetalMamemon,Energy Bomb,1
MetalMamemon,Escape Dash,15
MetalMamemon,Hit Charge,25
MetalMamemon,Nanomachine Break III,35
MetalMamemon,Burst Flame III,45
Monzaemon,Hearts Attack,1
Monzaemon,Mach Rush I,15
Monzaemon,Rune Forest I,25
Monzaemon,Panic Wisp,35
Monzaemon,Heavy Strike III,45
Crowmon,Savage Emperor,1
Crowmon,Gale Storm I,15
Crowmon,Thunder Fall I,25
Crowmon,Sonic Void III,35
Crowmon,Mirror Reflection,45
RizeGreymon,Trident Revolver,1
RizeGreymon,Chain Plus,15
RizeGreymon,Hit Charge,25
RizeGreymon,Meteor Fall II,35
RizeGreymon,Wolkenapalm III,45
Lilamon,Lila Shower,1
Lilamon,Rune Forest I,15
Lilamon,Aura,25
Lilamon,Rune Forest II,35
Lilamon,Gaia Element III,45
Rapidmon,Golden Triangle,1
Rapidmon,Thunder Fall I,15
Rapidmon,Meteor Fall I,25
Rapidmon,Thunder Fall II,35
Rapidmon,Nanomachine Break III,45
Lillymon,Flower Cannon,1
Lillymon,Rune Forest I,15
Lillymon,X-Heal,25
Lillymon,Gaia Element III,35
Lillymon,Rune Forest II,45
Lucemon FM,Dead or Alive,1
Lucemon FM,Shining Laser II,20
Lucemon FM,Hell Crusher II,35
Lucemon FM,Spirit Drain,50
Lucemon FM,Hell Crusher III,65
Lucemon FM,Shining Laser III,80
LadyDevimon,Darkness Wave,1
LadyDevimon,Hell Crusher I,15
LadyDevimon,Spirit Drain,25
LadyDevimon,Nightmare III,35
LadyDevimon,Hell Crusher II,45
WereGarurumon,Wolf Claw,1
WereGarurumon,Awesome Quake I,15
WereGarurumon,Meteor Fall I,25
WereGarurumon,Comet Hammer III,35
WereGarurumon,Awesome Quake II,45
WereGarurumon (Blk),Full Moon Kick,1
WereGarurumon (Blk),Mach Rush I,15
WereGarurumon (Blk),Wolkenapalm II,25
WereGarurumon (Blk),Comet Hammer III,35
WereGarurumon (Blk),Mach Rush II,45
Wisemon,Pandora Dialogue,1
Wisemon,Hell Crusher I,15
Wisemon,Mirror Reflection,25
Wisemon,Hell Crusher II,35
Wisemon,Nightmare III,45
Arcadiamon Mega,Dot Matrix,1
Arcadiamon Mega,Destruction Cannon III,20
Arcadiamon Mega,Speed Break Field,35
Arcadiamon Mega,Saint Knuckle III,50
Arcadiamon Mega,Mach Rush III,65
Alphamon,Blade of the Dragon King,1
Alphamon,Soul Digitalization,1
Alphamon,Power Energy III,20
Alphamon,Mental Charge Field,35
Alphamon,Speed Break Field,50
Alphamon,Hydro Water III,65
Alphamon,Mach Rush III,80
UlforceVeedramon,The Ray of Victory,1
UlforceVeedramon,Victory Sword,1
UlforceVeedramon,Wind Claw III,20
UlforceVeedramon,Mental Charge Field,35
UlforceVeedramon,Speed Charge Field,50
UlforceVeedramon,Gale Storm II,65
UlforceVeedramon,Gale Storm III,80
Ebemon,Brain Rupture,1
Ebemon,Attack Break Field,20
Ebemon,Heaven's Thunder III,35
Ebemon,Thunder Fall II,65
Ebemon,Character Reversal,80
Imperialdramon DM,Megadeath,1
Imperialdramon DM,Heavy Strike III,20
Imperialdramon DM,Attack Charge Field,35
Imperialdramon DM,Meteor Fall III,50
Imperialdramon DM,Sonic Void III,65
Imperialdramon DM,Mach Rush III,80
Imperialdramon FM,Positron Laser,1
Imperialdramon FM,Heavy Strike III,20
Imperialdramon FM,Attack Charge Field,35
Imperialdramon FM,Meteor Fall III,50
Imperialdramon FM,Sonic Void III,65
Imperialdramon FM,Mach Rush III,80
Vikemon,Arctic Blizzard,1
Vikemon,Ice Archery III,20
Vikemon,X-Heal,35
Vikemon,Mental Charge Field,50
Vikemon,Gaia Element III,65
Vikemon,Ocean Wave III,80
Valkyrimon,Fenrir Sword,1
Valkyrimon,Holy Light III,20
Valkyrimon,Final Heal,35
Valkyrimon,Speed Charge Field,50
Valkyrimon,Gale Storm III,65
Valkyrimon,Perfect Revival,80
Varodurumon,Aurora Undulation,1
Varodurumon,Holy Light III,20
Varodurumon,Safety Guard,35
Varodurumon,Final Aura,50
Varodurumon,Shining Laser III,65
Varodurumon,Perfect Revival,80
VenomMyotismon,Venom Infusion,1
VenomMyotismon,Destruction Cannon III,20
VenomMyotismon,Destruction,35
VenomMyotismon,Physical Drain,50
VenomMyotismon,Guard Break Field,65
VenomMyotismon,Hell Crusher III,80
WarGreymon,Terra Force,1
WarGreymon,Great Tornado,1
WarGreymon,Meteor Fall II,20
WarGreymon,Wolkenapalm III,35
WarGreymon,Attack Charge Field,50
WarGreymon,Heavy Strike III,65
WarGreymon,Meteor Fall III,80
Ophanimon,Eden's Javelin,1
Ophanimon,Shining Laser II,20
Ophanimon,Perfect Revival,35
Ophanimon,Final Aura,50
Ophanimon,Holy Light III,65
Ophanimon,Shining Laser III,80
Gaiomon,Will-o'-Wisp Slash,1
Gaiomon,Destruction,20
Gaiomon,Wolkenapalm III,35
Gaiomon,Guard Break Field,50
Gaiomon,Meteor Fall II,65
Gaiomon,Meteor Fall III,80
KaiserGreymon,Firedrake Strike,1
KaiserGreymon,Wolkenapalm III,20
KaiserGreymon,Wind Claw III,35
KaiserGreymon,Shock,50
KaiserGreymon,Awesome Quake II,65
KaiserGreymon,Meteor Fall III,80
ChaosGallantmon,Demonic Disaster,1
ChaosGallantmon,Judecca Prison,1
ChaosGallantmon,Destruction Cannon III,20
ChaosGallantmon,Mental Break Field,35
ChaosGallantmon,Destruction,50
ChaosGallantmon,Hydro Water III,65
ChaosGallantmon,Ocean Wave III,80
Chaosdramon,Hyper Infinity Cannon,1
Chaosdramon,Destroyed Hook,1
Chaosdramon,Mach Rush II,20
Chaosdramon,Acceleration Boost,35
Chaosdramon,Nanomachine Break III,50
Chaosdramon,Thunder Fall II,65
Chaosdramon,Thunder Fall III,80
Gankoomon,Quake!Blast!Fire!Father!,1
Gankoomon,Table Flip,1
Gankoomon,Wolkenapalm III,20
Gankoomon,Acceleration Boost,35
Gankoomon,Attack Charge Field,50
Gankoomon,Meteor Fall II,65
Gankoomon,Meteor Fall III,80
KingEtemon,Monkey Wrench,1
KingEtemon,Awesome Quake II,20
KingEtemon,Attack Charge Field,35
KingEtemon,Comet Hammer III,65
KingEtemon,Mach Rush III,80
Kuzuhamon,Taizoukai Mandala,1
Kuzuhamon,Nightmare III,20
Kuzuhamon,Hell Crusher II,35
Kuzuhamon,Status Barrier,50
Kuzuhamon,Hell Crusher III,80
GranKuwagamon,Dimension Scissor,1
GranKuwagamon,Physical Drain,20
GranKuwagamon,Crescent Leaf III,35
GranKuwagamon,Gale Storm II,50
GranKuwagamon,Attack Break Field,65
GranKuwagamon,Speed Charge Field,80
GranDracmon,Crystal Revolution,1
GranDracmon,Eye of the Gorgon,1
GranDracmon,Nightmare III,20
GranDracmon,Panic Wisp,35
GranDracmon,Ice Archery III,50
GranDracmon,Mental Break Field,65
GranDracmon,Hell Crusher III,80
GroundLocomon,Destruction Crush,1
GroundLocomon,Heaven's Thunder III,20
GroundLocomon,Antidote,35
GroundLocomon,Guard Charge Field,50
GroundLocomon,Thunder Fall II,65
GroundLocomon,Thunder Fall III,80
Gryphonmon,Supersonic Voice,1
Gryphonmon,Wind Claw III,20
Gryphonmon,Shining Laser II,35
Gryphonmon,Speed Charge Field,50
Gryphonmon,Gale Storm III,65
Gryphonmon,Revive,80
Craniamon,Waltz's End,1
Craniamon,Breath of the Gods,1
Craniamon,Grand Rock III,20
Craniamon,Awesome Quake II,35
Craniamon,Guard Charge Field,50
Craniamon,Gaia Element III,65
Craniamon,Awesome Quake III,80
Kerpymon (Blk),Lightning Spear,1
Kerpymon (Blk),Nightmare III,20
Kerpymon (Blk),Spirit Drain,35
Kerpymon (Blk),Hell Crusher II,50
Kerpymon (Blk),Hell Crusher III,65
Kerpymon (Blk),Status Barrier,80
Kerpymon (Good),Heaven's Judgment,1
Kerpymon (Good),Holy Light III,20
Kerpymon (Good),X-Aura,35
Kerpymon (Good),Shining Laser II,50
Kerpymon (Good),Shining Laser III,65
Kerpymon (Good),Safety Guard,80
Goldramon,God Flame,1
Goldramon,Saint Knuckle III,20
Goldramon,Wolkenapalm III,35
Goldramon,X-Aura,50
Goldramon,Support End,65
Goldramon,Thunder Fall III,80
SaberLeomon,Howling Crusher,1
SaberLeomon,Wind Claw III,20
SaberLeomon,Acceleration Boost,35
SaberLeomon,Gale Storm II,50
SaberLeomon,Guard Break Field,65
SaberLeomon,Gale Storm III,80
Sakuyamon,Amethyst Mandala,1
Sakuyamon,Restore,20
Sakuyamon,Shining Laser II,35
Sakuyamon,Final Heal,50
Sakuyamon,Holy Light III,65
Sakuyamon,Status Barrier,80
Jesmon,Judgement of the Blade,1
Jesmon,Weltgeist,1
Jesmon,Guard Charge Field,20
Jesmon,Revive,35
Jesmon,Attack Charge Field,50
Jesmon,Mach Rush III,65
Jesmon,Meteor Fall III,80
ShineGreymon,GeoGrey Sword,1
ShineGreymon,Saint Knuckle III,20
ShineGreymon,Aura,35
ShineGreymon,Awesome Quake II,50
ShineGreymon,Chain Max,65
ShineGreymon,Meteor Fall III,80
ShineGreymon BM,Final Shining Burst,1
ShineGreymon BM,Attack Charge,20
ShineGreymon BM,Attack Break Field,35
ShineGreymon BM,Heavy Strike III,50
ShineGreymon BM,Acceleration Boost,65
ShineGreymon BM,Status Barrier,80
Justimon,Justice Kick,1
Justimon,Saint Knuckle III,20
Justimon,Acceleration Boost,35
Justimon,Cross-Counter,50
Justimon,Revive,65
Justimon,Chain Max,80
Kentaurosmon,Bifrost,1
Kentaurosmon,Odin's Breath,1
Kentaurosmon,Shining Laser II,20
Kentaurosmon,Saint Knuckle III,35
Kentaurosmon,Shining Laser III,50
Kentaurosmon,Restore,65
Kentaurosmon,Final Heal,80
Slayerdramon,Divine Dragon Slash,1
Slayerdramon,Heavy Strike III,20
Slayerdramon,Attack Charge Field,35
Slayerdramon,Speed Charge Field,50
Slayerdramon,X-Aura,65
Slayerdramon,Gale Storm III,80
Seraphimon,Strike of the Seven Stars,1
Seraphimon,Holy Light III,20
Seraphimon,Shining Laser II,35
Seraphimon,Final Heal,50
Seraphimon,Shining Laser III,65
Seraphimon,Perfect Revival,80
MegaGargomon,Burst Shot,1
MegaGargomon,Heaven's Thunder III,20
MegaGargomon,Mental Charge Field,35
MegaGargomon,Thunder Fall II,50
MegaGargomon,Gaia Element III,65
MegaGargomon,Chain Max,80
Darkdramon,Dark Roar,1
Darkdramon,Critical Charge,20
Darkdramon,Acceleration Boost,35
Darkdramon,Guard Break Field,50
Darkdramon,Nanomachine Break III,65
Darkdramon,Thunder Fall III,80
TigerVespamon,Mach Stinger V,1
TigerVespamon,Nanomachine Break III,20
TigerVespamon,Speed Charge Field,35
TigerVespamon,Crescent Leaf III,50
TigerVespamon,Mirror Reflection,65
TigerVespamon,Thunder Fall III,80
Titamon,Soul Core Attack,1
Titamon,Awesome Quake II,20
Titamon,Comet Hammer III,35
Titamon,Guard Break Field,50
Titamon,Crescent Leaf III,65
Titamon,Awesome Quake III,80
TyrantKabuterimon,Crescent Leaf III,20
TyrantKabuterimon,Thunder Fall II,35
TyrantKabuterimon,Meteor Fall II,50
TyrantKabuterimon,Speed Break Field,65
TyrantKabuterimon,Speed Charge Field,80
Dianamon,Good Night Moon,1
Dianamon,Dispel,20
Dianamon,Mirror Reflection,35
Dianamon,Nightmare III,50
Dianamon,Restore,65
Dianamon,Ocean Wave III,80
Diaboromon,Catastrophe Cannon,1
Diaboromon,Destruction Cannon III,20
Diaboromon,Destruction,35
Diaboromon,Mach Rush II,50
Diaboromon,Guard Break Field,65
Diaboromon,Meteor Fall III,80
Creepymon,Flame Inferno,1
Creepymon,Nightmare III,20
Creepymon,Thunder Fall II,35
Creepymon,Mental Break Field,50
Creepymon,Burst Flame III,65
Creepymon,Hell Crusher III,80
Gallantmon,Lightning Joust,1
Gallantmon,Shield of the Just,1
Gallantmon,Saint Knuckle III,20
Gallantmon,X-Heal,35
Gallantmon,Guard Charge Field,50
Gallantmon,Burst Flame III,65
Gallantmon,Meteor Fall III,80
Dynasmon,Wyvern's Breath,1
Dynasmon,Dragon's Roar,1
Dynasmon,Wind Claw III,20
Dynasmon,Gale Storm II,35
Dynasmon,Meteor Fall II,50
Dynasmon,Attack Break Field,65
Dynasmon,Gale Storm III,80
Durandamon,Zwei Glanze,1
Durandamon,Heavy Strike III,20
Durandamon,Support End,35
Durandamon,Cross-Counter,50
Durandamon,Attack Charge Field,65
Durandamon,Mach Rush III,80
Leopardmon,Extinction Wave,1
Leopardmon,Black Aura Blast,1
Leopardmon,Saint Knuckle III,20
Leopardmon,Speed Break Field,35
Leopardmon,Shining Laser III,50
Leopardmon,Awesome Quake III,65
Leopardmon,Support End,80
Leopardmon LM,Vulcan Crusher,1
Leopardmon LM,Saint Knuckle III,20
Leopardmon LM,Speed Break Field,35
Leopardmon LM,Shining Laser III,50
Leopardmon LM,Awesome Quake III,65
Leopardmon LM,Support End,80
Dorugoramon,Brave Metal,1
Dorugoramon,Wolkenapalm III,20
Dorugoramon,Acceleration Boost,35
Dorugoramon,Comet Hammer III,50
Dorugoramon,Attack Charge Field,65
Dorugoramon,Meteor Fall III,80
Neptunemon,Vortex Penetration,1
Neptunemon,Ice Archery III,20
Neptunemon,Idle Bubble,35
Neptunemon,Mirror Reflection,50
Neptunemon,Ocean Wave III,65
Neptunemon,Hydro Water III,80
HiAndromon,Atomic Ray,1
HiAndromon,Thunder Fall II,20
HiAndromon,Power Energy III,35
HiAndromon,Heaven's Thunder III,50
HiAndromon,Guard Charge Field,65
HiAndromon,Thunder Fall III,80
PileVolcamon,Volcanic Driver,1
PileVolcamon,Mach Rush II,20
PileVolcamon,Wolkenapalm III,35
PileVolcamon,Cross-Counter,50
PileVolcamon,Meteor Fall II,65
PileVolcamon,Mach Rush III,80
Barbamon,Pandemonium Lost,1
Barbamon,Nightmare III,20
Barbamon,Hell Crusher II,35
Barbamon,Burst Flame III,50
Barbamon,Spirit Drain,65
Barbamon,Hell Crusher III,80
BanchoLeomon,Flashy Boss Punch,1
BanchoLeomon,Awesome Quake II,20
BanchoLeomon,Acceleration Boost,35
BanchoLeomon,Comet Hammer III,50
BanchoLeomon,Attack Charge Field,65
BanchoLeomon,Awesome Quake III,80
Piedmon,Trump Sword,1
Piedmon,Destruction,20
Piedmon,Hell Crusher II,35
Piedmon,Nightmare III,50
Piedmon,Texture Blow,65
Piedmon,Hell Crusher III,80
Puppetmon,Puppet Pummel,1
Puppetmon,Crescent Leaf III,20
Puppetmon,Grand Rock III,35
Puppetmon,Mental Break Field,50
Puppetmon,Rune Forest II,65
Puppetmon,Rune Forest III,80
PlatinumNumemon,Platinum Junk,1
PlatinumNumemon,Escape Dash,20
PlatinumNumemon,Attack Break Field,35
PlatinumNumemon,Guard Break Field,50
PlatinumNumemon,Mental Break Field,65
PlatinumNumemon,Speed Break Field,80
BlackWarGreymon,Dark Terra Force,1
BlackWarGreymon,Black Tornado,1
BlackWarGreymon,Meteor Fall II,20
BlackWarGreymon,Wolkenapalm III,35
BlackWarGreymon,Guard Charge Field,50
BlackWarGreymon,Mach Rush II,65
BlackWarGreymon,Meteor Fall III,80
PrinceMamemon,Smile Warhead,1
PrinceMamemon,Chain Minus,20
PrinceMamemon,Escape Dash,35
PrinceMamemon,Power Energy III,50
PrinceMamemon,Mental Charge Field,65
PrinceMamemon,Final Heal,80
Breakdramon,Destroyed Rush,1
Breakdramon,Thunder Fall II,20
Breakdramon,Guard Break Field,35
Breakdramon,Nanomachine Break III,50
Breakdramon,Thunder Fall III,65
Breakdramon,Awesome Quake III,80
Plesiomon,Sorrow Blue,1
Plesiomon,Ocean Wave II,20
Plesiomon,X-Aura,35
Plesiomon,Hydro Water III,50
Plesiomon,Status Barrier,65
Plesiomon,Ocean Wave III,80
HerculesKabuterimon,Giga Blaster,1
HerculesKabuterimon,Gaia Element III,20
HerculesKabuterimon,Thunder Fall II,35
HerculesKabuterimon,Rune Forest II,50
HerculesKabuterimon,Mental Charge Field,65
HerculesKabuterimon,Rune Forest III,80
Beelzemon,Double Impact,1
Beelzemon,Destruction Cannon III,20
Beelzemon,Physical Drain,35
Beelzemon,Comet Hammer III,50
Beelzemon,Meteor Fall II,65
Beelzemon,Hell Crusher III,80
Beelzemon BM,Corona Destroyer,1
Beelzemon BM,Wind Claw III,20
Beelzemon BM,Acceleration Boost,35
Beelzemon BM,Wolkenapalm III,50
Beelzemon BM,Attack Charge Field,65
Beelzemon BM,Meteor Fall III,80
Belphemon SM,Eternal Nightmare,1
Belphemon SM,Destruction Cannon III,20
Belphemon SM,Chain Minus,35
Belphemon SM,Grand Rock III,50
Belphemon SM,Mental Break Field,65
Belphemon SM,Hell Crusher III,80
Hououmon,Starlight Explosion,1
Hououmon,Burst Flame III,20
Hououmon,Status Barrier,35
Hououmon,Power Energy III,50
Hououmon,Final Heal,65
Hououmon,Safety Guard,80
Magnadramon,Fire Tornado,1
Magnadramon,Shining Laser II,20
Magnadramon,Holy Light III,35
Magnadramon,Perfect Revival,50
Magnadramon,X-Aura,65
Magnadramon,Shining Laser III,80
Boltmon,Tomahawk Stinger,1
Boltmon,Nanomachine Break III,20
Boltmon,Cross-Counter,35
Boltmon,Speed Charge Field,50
Boltmon,Attack Break Field,65
Boltmon,Thunder Fall III,80
MagnaGarurumon,Machinegun Destroyer,1
MagnaGarurumon,Saint Knuckle III,20
MagnaGarurumon,Destruction Cannon II,35
MagnaGarurumon,Aura,50
MagnaGarurumon,Chain Max,65
MagnaGarurumon,Thunder Fall III,80
MagnaGarurumon (SV),Starlight Velocity,1
MagnaGarurumon (SV),Saint Knuckle III,20
MagnaGarurumon (SV),Destruction Cannon II,35
MagnaGarurumon (SV),Aura,50
MagnaGarurumon (SV),Chain Max,65
MagnaGarurumon (SV),Thunder Fall III,80
Mastemon,Chaos Degradation,1
Mastemon,Shining Laser III,20
Mastemon,Hell Crusher III,35
Mastemon,Final Aura,50
Mastemon,Chain Max,65
Mastemon,Safety Guard,80
MarineAngemon,Ocean Love,1
MarineAngemon,Hydro Water III,20
MarineAngemon,Ocean Wave II,35
MarineAngemon,Dispel,50
MarineAngemon,Final Aura,65
MarineAngemon,Safety Guard,80
Minervamon,Strike Roll,1
Minervamon,Heavy Strike III,20
Minervamon,Mach Rush II,35
Minervamon,Guard Break Field,50
Minervamon,Crescent Leaf III,65
Minervamon,Mach Rush III,80
MirageGaogamon,Full Moon Blaster,1
MirageGaogamon,Gale Storm II,20
MirageGaogamon,Wind Claw III,35
MirageGaogamon,Mirror Reflection,50
MirageGaogamon,Speed Charge Field,65
MirageGaogamon,Gale Storm III,80
MirageGaogamon BM,Full Moon Meteor Impact,1
MirageGaogamon BM,Saint Knuckle III,20
MirageGaogamon BM,Attack Break Field,35
MirageGaogamon BM,Holy Light III,50
MirageGaogamon BM,Final Aura,65
MirageGaogamon BM,Shining Laser III,80
Machinedramon,Infinity Cannon,1
Machinedramon,Mach Rush II,20
Machinedramon,Nanomachine Break III,35
Machinedramon,Attack Charge Field,50
Machinedramon,Speed Break Field,65
Machinedramon,Thunder Fall III,80
Megidramon,Megiddo Flame,1
Megidramon,Meteor Fall II,20
Megidramon,Wolkenapalm III,35
Megidramon,Destruction Cannon II,50
Megidramon,Meteor Fall III,80
MetalEtemon,Banana Slip,1
MetalEtemon,Escape Dash,20
MetalEtemon,Mental Break Field,35
MetalEtemon,Awesome Quake II,50
MetalEtemon,Awesome Quake III,80
MetalGarurumon,Ice Wolf Claw,1
MetalGarurumon,Freezing Breath,1
MetalGarurumon,Ice Archery III,20
MetalGarurumon,Aura,35
MetalGarurumon,Speed Charge Field,50
MetalGarurumon,Sonic Void III,65
MetalGarurumon,Ocean Wave III,80
MetalGarurumon (Blk),Ice Wolf Claw,1
MetalGarurumon (Blk),Garuru Tomahawk,1
MetalGarurumon (Blk),Thunder Fall II,20
MetalGarurumon (Blk),Ice Archery III,35
MetalGarurumon (Blk),Heaven's Thunder III,50
MetalGarurumon (Blk),Speed Break Field,65
MetalGarurumon (Blk),Thunder Fall III,80
MetalSeadramon,River of Power,1
MetalSeadramon,Hydro Water III,20
MetalSeadramon,Ocean Wave II,35
MetalSeadramon,Attack Break Field,50
MetalSeadramon,Heaven's Thunder III,65
MetalSeadramon,Ocean Wave III,80
Merukimon,Thousand Fists,1
Merukimon,Awesome Quake II,20
Merukimon,Wind Claw III,35
Merukimon,Revive,50
Merukimon,Sonic Void III,65
Merukimon,Gale Storm III,80
RustTyranomon,Terrors Cluster,1
RustTyranomon,Mach Rush II,20
RustTyranomon,Nanomachine Break III,35
RustTyranomon,Guard Charge Field,50
RustTyranomon,Speed Break Field,65
RustTyranomon,Thunder Fall III,80
Leviamon,Biting Crush,1
Leviamon,Ice Archery III,20
Leviamon,Grand Rock III,35
Leviamon,Guard Break Field,50
Leviamon,Power Energy III,65
Leviamon,Ocean Wave III,80
Lilithmon,Phantom Pain,1
Lilithmon,Hell Crusher II,20
Lilithmon,Spirit Drain,35
Lilithmon,Nightmare III,50
Lilithmon,Attack Break Field,65
Lilithmon,Hell Crusher III,80
Ravemon,Celestial Blade,1
Ravemon,Sonic Void III,20
Ravemon,Aura,35
Ravemon,Gale Storm II,50
Ravemon,Speed Charge Field,65
Ravemon,Gale Storm III,80
Ravemon BM,Mourning Dance,1
Ravemon BM,Texture Blow,20
Ravemon BM,Speed Break Field,35
Ravemon BM,Character Reversal,50
Ravemon BM,Status Barrier,65
Ravemon BM,Support End,80
Crusadermon,Spiral Masquerade,1
Crusadermon,Fist of Athena,1
Crusadermon,Destruction Cannon III,20
Crusadermon,Hell Crusher II,35
Crusadermon,Speed Break Field,50
Crusadermon,Gaia Element III,65
Crusadermon,Hell Crusher III,80
Rosemon,Thorn Whip,1
Rosemon,Rune Forest II,20
Rosemon,Gaia Element III,35
Rosemon,Final Aura,50
Rosemon,Mental Charge Field,65
Rosemon,Rune Forest III,80
Rosemon BM,Aguichant Levres,1
Rosemon BM,Final Heal,20
Rosemon BM,Mental Break Field,35
Rosemon BM,Revive,50
Rosemon BM,Safety Guard,65
Rosemon BM,Perfect Revival,80
Lotosmon,Seven's Fantasia,1
Lotosmon,Rune Forest II,20
Lotosmon,Gaia Element III,35
Lotosmon,X-Aura,50
Lotosmon,Support End,65
Lotosmon,Rune Forest III,80
Armageddemon,Ultimate Flare,1
Armageddemon,Black Rain,1
Armageddemon,Hell Crusher III,20
Armageddemon,Venom Trap,35
Armageddemon,Mach Rush III,50
Armageddemon,Wolkenapalm III,65
Armageddemon,Mental Break Field,80
Arcadiamon Ultra,God Matrix,1
Arcadiamon Ultra,Heavy Strike III,20
Arcadiamon Ultra,Character Reversal,35
Arcadiamon Ultra,Mental Break Field,50
Arcadiamon Ultra,Guard Break Field,65
Arcadiamon Ultra,Hell Crusher III,80
Alphamon Ouryuken,Ultimate Ouryuken,1
Alphamon Ouryuken,Heavy Strike III,20
Alphamon Ouryuken,Final Aura,35
Alphamon Ouryuken,Chain Max,50
Alphamon Ouryuken,Saint Knuckle III,65
Alphamon Ouryuken,Destruction Cannon III,80
Imperialdramon PM,Omni Sword,1
Imperialdramon PM,Holy Light III,20
Imperialdramon PM,Mental Charge Field,35
Imperialdramon PM,Saint Knuckle III,50
Imperialdramon PM,Restore,65
Imperialdramon PM,Perfect Revival,80
Examon,Pendragon's Glory,1
Examon,Dragonic Impact,1
Examon,Wind Claw III,20
Examon,Gale Storm II,35
Examon,Meteor Fall II,50
Examon,Attack Break Field,65
Examon,Gale Storm III,80
Omnimon,Transcendent Sword,1
Omnimon,Supreme Cannon,1
Omnimon,Saint Knuckle III,20
Omnimon,Cross-Counter,35
Omnimon,Attack Charge Field,50
Omnimon,Chain Max,65
Omnimon,Holy Light III,80
Omnimon Zwart,Transcendent Sword,1
Omnimon Zwart,Supreme Cannon,1
Omnimon Zwart,Destruction Cannon III,20
Omnimon Zwart,Mirror Reflection,35
Omnimon Zwart,Acceleration Boost,50
Omnimon Zwart,Hell Crusher III,80
Chaosmon,Bantyo Blade,1
Chaosmon,Dark Prominence,1
Chaosmon,Safety Guard,20
Chaosmon,Destruction,35
Chaosmon,Destruction Cannon III,50
Chaosmon,Saint Knuckle III,65
Chaosmon,Character Reversal,80
Chaosmon VA,Bantyo Blade,1
Chaosmon VA,Aurora Blaster,1
Chaosmon VA,Safety Guard,20
Chaosmon VA,Support End,35
Chaosmon VA,Holy Light III,50
Chaosmon VA,Saint Knuckle III,65
Chaosmon VA,Character Reversal,80
Susanomon,Celestial Blade,1
Susanomon,Heaven's Thunder,1
Susanomon,Saint Knuckle III,20
Susanomon,Shining Laser III,35
Susanomon,Dispel,50
Susanomon,Chain Max,65
Susanomon,Perfect Revival,80
Gallantmon CM,Quo Vadis,1
Gallantmon CM,Shining Laser III,20
Gallantmon CM,Mach Rush III,35
Gallantmon CM,Dispel,50
Gallantmon CM,Restore,65
Gallantmon CM,Final Heal,80
Belphemon RM,Gift of Darkness,1
Belphemon RM,Destruction Cannon III,20
Belphemon RM,Chain Minus,35
Belphemon RM,Grand Rock III,50
Belphemon RM,Mental Break Field,65
Belphemon RM,Hell Crusher III,80
Lucemon SM,Divine Atonement,1
Lucemon SM,Nightmare III,20
Lucemon SM,Mental Break Field,35
Lucemon SM,Mach Rush III,50
Lucemon SM,Hell Crusher III,65
Lucemon SM,Support End,80
Flamedramon,Flaming Fist,1
Flamedramon,Acceleration Boost,10
Flamedramon,Cross-Counter,18
Flamedramon,Wolkenapalm III,25
Magnamon,S-Gold Solar Storm,1
Magnamon,Plasma Shot,1
Magnamon,Awesome Quake II,20
Magnamon,Revive,35
Magnamon,Comet Hammer III,50
Magnamon,Guard Charge Field,65
Magnamon,Awesome Quake III,80
Rapidmon (Armor),Golden Triangle,1
Rapidmon (Armor),Saint Knuckle III,20
Rapidmon (Armor),Shining Laser II,35
Rapidmon (Armor),Dispel,50
Rapidmon (Armor),Speed Charge Field,65
Rapidmon (Armor),Shining Laser III,80
Shoutmon,Fiery Fastball,1
Shoutmon,Heavy Strike I,6
Shoutmon,Shock,12
OmniShoutmon,Hard Rock Spirit,1
OmniShoutmon,Acceleration Boost,20
OmniShoutmon,Cross-Counter,35
OmniShoutmon,Speed Charge Field,50
OmniShoutmon,Meteor Fall III,65
OmniShoutmon,Mach Rush III,80
Ryudamon,Katana Attack,1
Ryudamon,Heavy Strike I,6
Ryudamon,Critical Charge,12
Ginryumon,Metal Armor Blade,1
Ginryumon,Heavy Strike II,10
Ginryumon,Attack Charge,18
Ginryumon,Speed Charge,25
Hisyaryumon,Legendary Dragon Blade,1
Hisyaryumon,Thunder Fall I,20
Hisyaryumon,Nanomachine Break II,50
Hisyaryumon,Critical Charge,65
Ouryumon,Eiseiryuoujin,1
Ouryumon,Wind Claw III,20
Ouryumon,Acceleration Boost,35
Ouryumon,Nanomachine Break III,50
Ouryumon,Attack Charge Field,65
Ouryumon,Mach Rush III,80
Apocalymon,Darkness Zone,1
Apocalymon,Destruction,20
Apocalymon,Physical Drain,35
Apocalymon,Spirit Drain,50
Apocalymon,Nightmare III,65
Apocalymon,Mach Rush III,80
Sistermon Blanc,Divine Pierce,1
Sistermon Blanc,Protect Wave,1
Sistermon Blanc,Heal,6
Sistermon Blanc,Holy Light I,12
Sistermon B (Awake.),Divine Pierce (Awake),1
Sistermon B (Awake.),Protect Wave (Awake),1
Sistermon B (Awake.),Holy Light III,25
Sistermon B (Awake.),Revive,40
Sistermon B (Awake.),Shining Laser III,55
Sistermon B (Awake.),Safety Guard,70
Sistermon B (Awake.),Perfect Revival,90
Sistermon Ciel,Silent Bullet,1
Sistermon Ciel,Fury Fire,1
Sistermon Ciel,Destruction Cannon I,6
Sistermon Ciel,Hell Crusher I,12
Sistermon C (Awake.),Silent Bullet (Awake),1
Sistermon C (Awake.),Fury Fire (Awake),1
Sistermon C (Awake.),Attack Charge Field,25
Sistermon C (Awake.),Destruction Cannon III,40
Sistermon C (Awake.),Acceleration Boost,55
Sistermon C (Awake.),Support End,70
Sistermon C (Awake.),Final Aura,90
Alphamon NX,Blade of the Dragon King,1
Alphamon NX,Soul Digitalization,1
Alphamon NX,Character Reversal,25
Alphamon NX,Guard Break Field,40
Alphamon NX,Attack Break Field,55
Alphamon NX,Shining Laser III,70
Alphamon NX,Chain Max,90
Crusadermon NX,Spiral Masquerade,1
Crusadermon NX,Fist of Athena,1
Crusadermon NX,Acceleration Boost,25
Crusadermon NX,Meteor Fall III,40
Crusadermon NX,Awesome Quake III,55
Crusadermon NX,Thunder Fall III,70
Crusadermon NX,Mach Rush III,90
Leopardmon NX,Extinction Wave,1
Leopardmon NX,Black Aura Blast,1
Leopardmon NX,Hell Crusher III,25
Leopardmon NX,Attack Charge Field,40
Leopardmon NX,Mental Charge Field,55
Leopardmon NX,Final Heal,70
Leopardmon NX,Ocean Wave III,90
Omnimon NX,Transcendent Sword,1
Omnimon NX,Supreme Cannon,1
Omnimon NX,X-Aura,25
Omnimon NX,Speed Charge Field,40
Omnimon NX,Status Barrier,55
Omnimon NX,Safety Guard,70
Omnimon NX,Perfect Revival,90
Gallantmon NX,Lightning Joust,1
Gallantmon NX,Shield of the Just,1
Gallantmon NX,Acceleration Boost,25
Gallantmon NX,Nanomachine Break III,40
Gallantmon NX,Grand Rock III,55
Gallantmon NX,Crescent Leaf III,70
Gallantmon NX,Sonic Void III,90